Workload,Read Hit,Write Hit (no overflow),Read Miss,Write Miss,Write Overflow
500.perlbench_r,0.783139,0.168091,0.0343073,0.013891,0.000571
502.gcc_r,0.5665241875,0.433091345,0.0002261573603,0.0001130786801,0.00004523147206
505.mcf_r,0.505855,0.1807898,0.2350452,0.077578,0.000732
519.lbm_r,0.444134,0.5380766,0.0077333,0.010056,2.56E-07
521.wrf_r,0.598887,0.2674446,0.0679405,0.061463,0.004266
523.xalancbmk_r,0.94236,0.00565,0.0513802,0.00048,0.00013
544.nab_r,0.777572,0.1390026,0.0695207,0.012278,0.001626
549.fotonik3d_r,0.524193,0.3616394,0.0558447,0.048725,0.009598
557.xz_r,0.437979,0.2684485,0.1803308,0.110484,0.002759