Benchmark,Hybrid2,Baryon-High
502.gcc_r,1,1.18693425
503.bwaves_r,1,1.19999121
505.mcf_r,1,1.43779956
507.cactuBSSN_r,1,1.01715682
519.lbm_r,1,0.9762915
520.omnetpp_r,1,2.07151558
527.cam4_r,1,1.04208988
549.fotonik3d_r,1,1.47287582
554.roms_r,1,1.43553962
557.xz_r,1,0.99613238
cc.twitter,1,1.12971673
pr.twitter,1,0.99920139
cc.web,1,0.93859434
pr.web,1,0.9986088
resnet50,1,1.61635905
resnext50,1,1.16230316
YCSB-A,1,1.3464926
YCSB-B,1,1.47214359
Geomean,1,1.22109178